{
  "controller/BTP.controller.js.map": 1713178341035,
  "manifest.json": 1713178327715,
  "model/models.js.map": 1713178341060,
  "model/models.js": 1713178338775,
  "controller/dialog/CookieSettings.controller.js.map": 1713178341013,
  "controller/dialog/CookieSettings.controller.js": 1713178338878,
  "controller/dialog/Book.controller.js.map": 1713178341071,
  "controller/dialog/Book.controller.js": 1713178339448,
  "controller/Home.controller.js.map": 1713178341008,
  "controller/Home.controller.js": 1713178339480,
  "controller/Fiori.controller.js.map": 1713178341022,
  "controller/Fiori.controller.js": 1713178339499,
  "controller/dialog/Info.controller.js.map": 1713178341042,
  "controller/dialog/Info.controller.js": 1713178339544,
  "controller/Dialog.controller.js.map": 1713178341027,
  "controller/Dialog.controller.js": 1713178339568,
  "i18n/i18n.properties": 1703697211171,
  "controller/BTP.controller.js": 1713178339593,
  "controller/Base.controller.js.map": 1713178341087,
  "controller/Base.controller.js": 1713178339723,
  "controller/AboutMe.controller.js.map": 1713178341052,
  "controller/AboutMe.controller.js": 1713178339784,
  "controller/App.controller.js.map": 1713178341110,
  "controller/App.controller.js": 1713178340003,
  "Component.js.map": 1713178341010,
  "Component.js": 1713178340023,
  "Component-dbg.js": 1713178340023,
  "Component-dbg.js.map": 1713178340276,
  "controller/dialog/CookieSettings-dbg.controller.js": 1713178338878,
  "controller/dialog/CookieSettings-dbg.controller.js.map": 1713178340352,
  "controller/dialog/Book-dbg.controller.js": 1713178339448,
  "controller/dialog/Book-dbg.controller.js.map": 1713178340354,
  "controller/Home-dbg.controller.js": 1713178339480,
  "controller/Home-dbg.controller.js.map": 1713178340355,
  "controller/Fiori-dbg.controller.js": 1713178339499,
  "controller/Fiori-dbg.controller.js.map": 1713178340357,
  "controller/dialog/Info-dbg.controller.js": 1713178339544,
  "controller/dialog/Info-dbg.controller.js.map": 1713178340357,
  "controller/Dialog-dbg.controller.js": 1713178339568,
  "controller/Dialog-dbg.controller.js.map": 1713178340358,
  "controller/BTP-dbg.controller.js": 1713178339593,
  "controller/BTP-dbg.controller.js.map": 1713178340358,
  "controller/Base-dbg.controller.js": 1713178339723,
  "controller/Base-dbg.controller.js.map": 1713178340358,
  "controller/AboutMe-dbg.controller.js": 1713178339784,
  "controller/AboutMe-dbg.controller.js.map": 1713178340358,
  "controller/App-dbg.controller.js": 1713178340003,
  "controller/App-dbg.controller.js.map": 1713178340358,
  "model/models-dbg.js": 1713178338775,
  "model/models-dbg.js.map": 1713178340358,
  "Component-preload.js": 1713178342902,
  "Component-preload.js.map": 1713178342903,
  "view/dialog/Info.fragment.xml": 1707339453518,
  "view/dialog/CookieSettings.fragment.xml": 1706996050269,
  "view/dialog/Book.fragment.xml": 1708207183923,
  "controller/dialog/Info.controller.ts": 1707339276430,
  "controller/dialog/CookieSettings.controller.ts": 1706998103066,
  "controller/dialog/Book.controller.ts": 1707338581973,
  "model/models.ts": 1703697211187,
  "view/Home.view.xml": 1708207179643,
  "view/Fiori.view.xml": 1708207145645,
  "view/BTP.view.xml": 1708206999892,
  "view/App.view.xml": 1708207172225,
  "view/AboutMe.view.xml": 1707082025111,
  "images/ypto.png": 1704576451140,
  "images/xlogoblack.png": 1706525134567,
  "images/xlogoblack.jpg": 1706525110104,
  "images/xlogo2.jpg": 1706523410943,
  "images/Xlogo.png": 1706523042053,
  "images/UI5con.png": 1704577762487,
  "images/sitbe.png": 1704577729439,
  "images/Seattle_Center_as_night_falls.jpg": 1705183388885,
  "images/sap.png": 1706557522373,
  "images/recap.png": 1704577631475,
  "images/logo.png": 1642714302734,
  "images/linkedin.png": 1706528798568,
  "images/lemtech.png": 1642714212582,
  "images/kyma.png": 1705444125349,
  "images/image002.jpg": 1703698586712,
  "images/hanacloudcert.png": 1704575485681,
  "images/goldengatebtp2.jpg": 1703703042973,
  "images/goldengatebtp.jpg": 1703703792310,
  "images/github.png": 1706999837470,
  "images/fluvius.png": 1704576356194,
  "images/extcert.png": 1704575587516,
  "images/eliagroup.png": 1704576340134,
  "images/ec.png": 1704576467411,
  "images/cloudsdkcert.png": 1704575117847,
  "images/cf.png": 1705443934557,
  "images/certfiori.png": 1704574586762,
  "images/bayer.png": 1704576371461,
  "images/abap.png": 1705444359191,
  "images/abap.jpg": 1705444342804,
  "controller/Home.controller.ts": 1707000570204,
  "controller/Fiori.controller.ts": 1706255644918,
  "controller/Dialog.controller.ts": 1705817726741,
  "controller/BTP.controller.ts": 1706255447120,
  "controller/Base.controller.ts": 1707080642684,
  "controller/App.controller.ts": 1707339037463,
  "controller/AboutMe.controller.ts": 1707000584427,
  "css/style.css": 1707076376932,
  "index.html": 1707081115956,
  "Component.ts": 1706993604067
}