{
    "welcomeFile": "/index.html",
    "authenticationMethod": "none",
    "routes": [
      {
        "authenticationType": "none",
        "csrfProtection": false,
        "source": "^/odata/",
        "destination": "lemtech-api"
      },
      {
        "source": "^/resources/(.*)$",
        "target": "/resources/$1",
        "authenticationType": "none",
        "destination": "ui5"
      },
      {
        "source": "^/test-resources/(.*)$",
        "target": "/test-resources/$1",
        "authenticationType": "none",
        "destination": "ui5"
      },
      {
        "source": "^(.*)$",
        "target": "$1",
        "service": "html5-apps-repo-rt",
        "authenticationType": "none",
        "cacheControl": "no-cache, no-store, must-revalidate"
      }
    ]
  }